"","country.x","country_code","iso","designation","Country","country_emissions","global_emissions","emissions_share","readiness_2021","vulnerability_2021","gdp_reformed","gdp_2021","country.y","renewable_share_2020","env_exposure_2022","emissions_share_scaled","readiness_2021_scaled","vulnerability_2021_scaled","gdp_reformed_scaled","renewable_share_2020_scaled","env_exposure_2022_scaled"
"1","Australia","193","AUS","advanced_economy","Australia",18968.830828,1693867.357528,0.0111985337834733,0.690552124980166,0.312333125792969,2124062043304.36,1552703151616,"Australia",0.224544363860575,5.5,0.0449592869509798,0.828079635678854,0.15703356254715,0.0617675923923098,0.775455636139425,0.666666666666667
"2","Austria","122","AUT","advanced_economy","Austria",5571.699448,1693867.357528,0.00328933633630631,0.68230738466746,0.288055243902042,674599779196.425,480368403893,"Austria",0.763764625520958,2.8,0.0132055056447536,0.815733545021263,0.101089503170132,0.0196167224286497,0.236235374479042,0.333333333333333
"3","Belgium","124","BEL","advanced_economy","Belgium",12644.150407,1693867.357528,0.00746466383616522,0.600207432355383,0.326616195482097,823055002266.422,594351961634,"Belgium",0.261897996397767,1.8,0.0299685763858793,0.692792928848466,0.189946355449123,0.0239338522760422,0.738102003602233,0.209876543209877
"4","Canada","156","CAN","advanced_economy","Canada",34115.395331,1693867.357528,0.0201405353136903,0.649978713029132,0.288210620058197,2704494819673.42,2001486745424,"Canada",0.670481181047284,3.5,0.0808595616535864,0.76732295890842,0.101447539877979,0.0786467806852426,0.329518818952716,0.419753086419753
"5","Cyprus","423","CYP","advanced_economy","Cyprus",301.471096,1693867.357528,0.000177977983140286,0.519999824249797,0.359601673451646,36678367353.8512,28408064462,"Cyprus",0.12304191968945,1.1,0.000714049542956269,0.572686004489188,0.265955520762567,0.0010657444946643,0.87695808031055,0.123456790123457
"6","Czech Republic","935","CZE","advanced_economy","Czech Republic",12076.99061,1693867.357528,0.00712983254345544,0.560700419800513,0.268205627720592,360975393157.68,281791218507,"Czech Rep.",0.126902982151518,2.6,0.028624298446909,0.633633132406932,0.055349594258184,0.010496415511596,0.873097017848482,0.308641975308642
"7","Denmark","128","DNK","advanced_economy","Denmark",4115.088231,1693867.357528,0.00242940405735517,0.779030737720829,0.340559853826953,571214545072.521,398303272764,"Denmark",0.816177154879137,1.7,0.00975305655540127,0.960571980218879,0.222077035295168,0.0166102436346666,0.183822845120863,0.197530864197531
"8","Estonia","939","EST","advanced_economy","Estonia",1640.459379,1693867.357528,0.000968469798835995,0.62035371104656,0.339949821697239,46819248116.7117,37191166152,"Estonia, Rep. of",0.478200476035047,1.4,0.00388770962764086,0.722960984323912,0.220671324787145,0.00136064485663777,0.521799523964953,0.160493827160494
"9","Finland","172","FIN","advanced_economy","Finland",3226.028836,1693867.357528,0.00190453450895235,0.75333429246666,0.275603546020012,402783638869.459,296387625264,"Finland",0.516460937280865,0.6,0.00764581457976307,0.922092824944956,0.0723967807659883,0.0117122139301154,0.483539062719135,0.0617283950617284
"10","France","132","FRA","advanced_economy","France",39105.764962,1693867.357528,0.0230866748734507,0.652971827383289,0.303177108220348,3916580493147.66,2957879759264,"France",0.234526346973967,3.1,0.0926876986931746,0.771804999550502,0.135935149059474,0.113894656309567,0.765473653026033,0.37037037037037
"11","Germany","134","DEU","advanced_economy","Germany",93290.503809,1693867.357528,0.0550754481420236,0.691691591276193,0.287394299021096,5949923140569.42,4259934911822,"Germany",0.436823558583887,3,0.221115964318097,0.82978593007485,0.0995664732851242,0.173024972182803,0.563176441416113,0.358024691358025
"12","Greece","174","GRC","advanced_economy","Greece",4132.680505,1693867.357528,0.00243978992016893,0.533062293350088,0.328674711463837,245278548394.249,214873879834,"Greece",0.363803390557766,1.7,0.00979475363259118,0.592246405618577,0.194689839284673,0.00713191077105314,0.636196609442234,0.197530864197531
"13","Hong Kong SAR","532","HKG","advanced_economy","Hong Kong",1652.054474,1693867.357528,0.000975315137078371,0.408639120435922,0.419955665541114,534539488223.07,368911387845,"China, P.R.: Hong Kong",0.0054763943015202,3.45,0.00391519223570161,0.405928860803244,0.405030557549653,0.0155437201449209,0.99452360569848,0.41358024691358
"14","Iceland","176","ISL","advanced_economy","Iceland",155.31924,1693867.357528,9.1695042890885e-05,0.720612612108791,0.307894137296934,35774308957.963,25552639899,"Iceland",0.999839698702553,0.1,0.000367641499227503,0.873093727721194,0.146804703328221,0.0010394541600842,0.000160301297447374,0
"15","Ireland","178","IRL","advanced_economy","Ireland",2263.34887,1693867.357528,0.00133620195226094,0.599930574533736,0.297587191529376,756273904914,504182603276,"Ireland",0.417550492537609,1.6,0.00536407767346654,0.692378347959842,0.123054180584659,0.0219918345911149,0.582449507462391,0.185185185185185
"16","Israel","436","ISR","advanced_economy","Israel",2428.609351,1693867.357528,0.00143376595587996,0.542475367884345,0.305448456446076,632570299010.616,488526545879,"Israel",0.0624368013743992,2.8,0.00575577683826459,0.606342018962213,0.141169066934884,0.0183944904341917,0.937563198625601,0.333333333333333
"17","Italy","136","ITA","advanced_economy","Italy",25065.176247,1693867.357528,0.0147976027376663,0.528435439662085,0.326078144107751,2734898763889.87,2114355756914,"Italy",0.41678860222017,2.8,0.0594087995900161,0.585317921163649,0.188706511785267,0.0795309380246809,0.58321139777983,0.333333333333333
"18","Japan","158","JPN","advanced_economy","Japan",66711.083302,1693867.357528,0.0393838885940614,0.690355888096363,0.378136635839995,6414421566250.42,5005536736792,"Japan",0.194394853892643,6.7,0.158117619218229,0.82778578065542,0.308666043907179,0.186532748979776,0.805605146107357,0.814814814814815
"19","Korea","542","KOR","advanced_economy","South Korea",18927.931711,1693867.357528,0.0111743883763266,0.728628642519787,0.370271654909064,2384503703377.46,1810955871381,"Korea, Rep. of",0.0583312593330015,5.5,0.0448623481675941,0.885097336617843,0.290542594663299,0.0693413270239023,0.941668740666998,0.666666666666667
"20","Latvia","941","LVA","advanced_economy","Latvia",960.503278,1693867.357528,0.000567047516283531,0.585590039038051,0.364734536653247,46765732437.5755,39725383601,"Latvia",0.637489462598645,3.5,0.00227608272658495,0.670904105643771,0.277783290788575,0.00135908860195758,0.362510537401355,0.419753086419753
"21","Lithuania","946","LTU","advanced_economy","Lithuania",1575.839871,1693867.357528,0.000930320703091978,0.599581362317969,0.369806773944441,84043259016.5981,66414994992,"Lithuania",0.466733121884912,2.6,0.00373454894966086,0.691855419946214,0.289471359190412,0.00244313212230842,0.533266878115088,0.308641975308642
"22","Luxembourg","137","LUX","advanced_economy","Luxembourg",761.954187,1693867.357528,0.000449831082471524,0.670269218418277,0.301776686287763,128259365751,85506243834,"Luxembourg",0.43687029998196,1,0.00180548314557494,0.797706986727545,0.132708125874281,0.00372895198213631,0.56312970001804,0.111111111111111
"23","Macao SAR","546","MAC","advanced_economy","Macao",57.860081,1693867.357528,3.41585666332457e-05,0.408639120435922,0.419955665541114,44659317694.6569,30123795337,NA,0.250402982311001,3.45,0.000136644524323258,0.405928860803244,0.405030557549653,0.00129783332397147,0.749597017688999,0.41358024691358
"24","Malta","181","MLT","advanced_economy","Malta",105.585989,1693867.357528,6.23342722384652e-05,0.501001597432243,0.340110467704283,23436829247.6787,17743376199,"Malta",0.113290870488323,0.1,0.000249764117039611,0.544237099887363,0.221041504928771,0.000680675931892418,0.886709129511677,0
"25","Netherlands","138","NLD","advanced_economy","Netherlands",11879.457647,1693867.357528,0.00701321599604863,0.686860447592992,0.354500297376164,1440721561470.08,1011798853062,"Netherlands, The",0.267072826752306,2.6,0.0281561072849385,0.822551531460654,0.254200307216615,0.0418958120059273,0.732927173247694,0.308641975308642
"26","New Zealand","196","NZL","advanced_economy","New Zealand",1916.907678,1693867.357528,0.00113167519846271,0.700840497649587,0.294296029160004,333133392041.381,255551704626,"New Zealand",0.804130928480643,2.8,0.00454294533295229,0.843485964668985,0.115470282457189,0.00968676037421064,0.195869071519357,0.333333333333333
"27","Norway","142","NOR","advanced_economy","Norway",2672.221889,1693867.357528,0.0015775862715129,0.762780591284391,0.262319313725924,729697054412.6,490293364377,"Norway",0.97958351081709,0.6,0.00633318546670089,0.936238190009114,0.0417856309310315,0.0212189704764237,0.0204164891829103,0.0617283950617284
"28","Portugal","182","PRT","advanced_economy","Portugal",2656.068305,1693867.357528,0.00156804976091884,0.577479892748329,0.321365957918873,304340761722.25,253982847571,"Portugal",0.567219879993064,2.4,0.00629489836186489,0.658759562875708,0.177848117089614,0.0088494606068791,0.432780120006936,0.283950617283951
"29","Puerto Rico","359","PRI","advanced_economy","Puerto Rico",0.208848,1693867.357528,1.23296549208427e-07,0.408639120435922,0.419955665541114,126007453177.035,106368900000,"Puerto Rico",0.0246123161131118,3.45,0,0.405928860803244,0.405030557549653,0.00366346557629797,0.975387683886888,0.41358024691358
"30","San Marino","135","SMR","advanced_economy",NA,491.16402,1693867.357528,0.000289966045934551,0.63884343193207,0.419955665541114,1855382833,1855382833,NA,0.250402982311001,3.45,0.00116365830271112,0.750648426454049,0.405030557549653,5.30799164744688e-05,0.749597017688999,0.41358024691358
"31","Singapore","576","SGP","advanced_economy","Singapore",2101.495042,1693867.357528,0.00124064911733519,0.805360836304684,0.375230839343832,635695493059.5,423796995373,"Singapore",0.0411160769155354,0.1,0.00498045293231038,1,0.301970152871494,0.0184853721709761,0.958883923084465,0
"32","Slovak Republic","936","SVK","advanced_economy","Slovakia",3934.30281,1693867.357528,0.00232267467255621,0.509673666560524,0.350152529606127,139338350687.368,118656591909,"Slovak Rep.",0.237776544836674,3.3,0.00932456029310755,0.557223094301481,0.244181649931058,0.00405113274181935,0.762223455163326,0.395061728395062
"33","Slovenia","961","SVN","advanced_economy","Slovenia",864.57751,1693867.357528,0.000510416300401319,0.601436501748941,0.304455473631952,78632337083.3565,61748586535,"Slovenia, Rep. of",0.324742543903686,1.7,0.00204872018364154,0.694633399449335,0.138880914707961,0.00228578061862374,0.675257456096314,0.197530864197531
"34","Spain","184","ESP","advanced_economy","Spain",15100.2025,1693867.357528,0.00891463102638507,0.539452471862296,0.30023167251571,1783883834156.13,1427380681295,"Spain",0.431964592927957,3.4,0.0357898928174139,0.601815381746099,0.129147916520336,0.0518750910051815,0.568035407072043,0.407407407407407
"35","Sweden","144","SWE","advanced_economy","Sweden",5026.540331,1693867.357528,0.00296749347501191,0.724478883051999,0.295510178107956,891754697852.772,636856236396,"Sweden",0.684495797549944,1.5,0.0119133735541363,0.878883277150434,0.11826807269037,0.025931663469137,0.315504202450056,0.172839506172839
"36","Switzerland","146","CHE","advanced_economy","Switzerland",3059.691956,1693867.357528,0.0018063350370393,0.694441061791215,0.244185724140571,1200960233080.5,800640155387,"Switzerland",0.594567053338359,2,0.00725156414204884,0.833903126123648,0,0.0349234686579731,0.405432946661641,0.234567901234568
"37","Taiwan Province of China","528","TWN","advanced_economy","Taiwan",9319.122557,1693867.357528,0.00550168377446045,0.408639120435922,0.419955665541114,32117073474.5489,39725383601,"Taiwan Province of China",0.0482994095767086,3.45,0.0220876200683478,0.405928860803244,0.405030557549653,0.000933100472164803,0.951700590423291,0.41358024691358
"38","China","924","CHN","advanced_economy","China",249352.81766,1693867.357528,0.147209175825846,0.553517588282449,0.387026750359617,16333351875337.1,17820459342451,"China, P.R.: Mainland",0.276283859925948,7.4,0.591013701647615,0.622877197624662,0.329151731117811,0.474978714073066,0.723716140074052,0.901234567901235
"39","United Kingdom","112","GBR","advanced_economy","United Kingdom",78508.720102,1693867.357528,0.046348800425893,0.68502653368568,0.282711194291069,4134096636720.71,3122480345925,"United Kingdom",0.438513683723113,2.2,0.18608029034921,0.819805336128947,0.0887750916373154,0.120220101897064,0.561486316276887,0.259259259259259
"40","United States","111","USA","advanced_economy","USA",421906.855203,1693867.357528,0.249079039942492,0.65634729662513,0.309036598231197,34387511669917.8,23315080560000,"United States",0.194220296518904,6.3,1,0.776859597717464,0.149437301288351,1,0.805779703481096,0.765432098765432
"41","Albania","914","ALB","emerging_mkt","Albania",293.838988,1693867.357528,0.000173472253712253,0.410559121234659,0.395389598099211,14934462414.9161,17930565119,"Albania",1,4.3,0.000695959977252727,0.408803966995167,0.348422425843435,0.000433424128499193,0,0.518518518518519
"42","Algeria","612","DZA","emerging_mkt","Algeria",4862.566823,1693867.357528,0.00287068925520611,0.33334509314068,0.376271076043561,116708194306.248,163472233246,"Algeria",0.00907979387761642,2.8,0.0115247247631855,0.293179780576961,0.304367193270539,0.0033930398735204,0.990920206122384,0.333333333333333
"43","Angola","614","AGO","emerging_mkt","Angola",657.115491,1693867.357528,0.000387937985863889,0.268117798333208,0.509923734252675,32842717550,65685435100,"Angola",0.737266743522907,3.2,0.0015569952468757,0.195505134135836,0.612345965073574,0.00095420245586016,0.262733256477093,0.382716049382716
"44","Antigua and Barbuda","311","ATG","emerging_mkt","Antigua and Barbuda",22.002452,1693867.357528,1.29894775421554e-05,0.449260130429268,0.467364231303963,1486487347.96883,1560518519,"Antigua and Barbuda",0.0706048573514861,4.2,5.16550383557183e-05,0.466756813286826,0.514275162574577,4.23523066533883e-05,0.929395142648514,0.506172839506173
"45","Argentina","213","ARG","emerging_mkt","Argentina",8636.500123,1693867.357528,0.00509868738223042,0.376037316185072,0.383685633384464,489155976851.729,487227125386,"Argentina",0.287114707832322,4.2,0.0204696734446161,0.357109272118114,0.321452721489077,0.0142239517496499,0.712885292167678,0.506172839506173
"46","Armenia","911","ARM","emerging_mkt","Armenia",383.291252,1693867.357528,0.000226281739415162,0.50573276439272,0.368113524657492,11408622002.9004,13861409969,"Armenia, Rep. of",0.317096376679577,3.3,0.000907979069089297,0.551321788306261,0.285569567465964,0.000330891455245396,0.682903623320423,0.395061728395062
"47","Aruba","314","ABW","emerging_mkt","Aruba",76.865885,1693867.357528,4.53789280833516e-05,0.408639120435922,0.419955665541114,3940487935.76061,3126019385,"Aruba, Kingdom of the Netherlands",0.151088506082405,3.45,0.000181691939821918,0.405928860803244,0.405030557549653,0.000113715502666233,0.848911493917595,0.41358024691358
"48","Azerbaijan","912","AZE","emerging_mkt","Azerbaijan",2530.484041,1693867.357528,0.00149390920708983,0.447625682772037,0.381615391878636,45520865487.898,54825411765,"Azerbaijan, Rep. of",0.0546923073946074,3.6,0.00599723947195413,0.46430930879476,0.316682218269433,0.00132288743534755,0.945307692605393,0.432098765432099
"49","The Bahamas","313","BHS","emerging_mkt","Bahamas",171.632129,1693867.357528,0.000101325601581033,0.427831425066084,0.452384451790193,13269702136.819,11527600000,"Bahamas, The",0.00154165765799641,4.9,0.000406306187591464,0.434668387326222,0.479756925838029,0.0003850123169327,0.998458342342004,0.592592592592593
"50","Bahrain","419","BHR","emerging_mkt","Bahrain",972.274783,1693867.357528,0.000573997000815294,0.519334145918882,0.440279607371678,53632942088.772,39303403989,"Bahrain, Kingdom of",0.000331370446685291,0.1,0.00230398346031763,0.57168918412729,0.451863465529531,0.00155878946219275,0.999668629553315,0
"51","Barbados","316","BRB","emerging_mkt","Barbados",56.10958,1693867.357528,3.31251321129922e-05,0.53612684461446,0.386023528252068,3920696516.63076,4843800000,"Barbados",0.0556827093903552,2,0.000132495499852743,0.596835419498912,0.326839984260931,0.000113139961270782,0.944317290609645,0.234567901234568
"52","Belarus","913","BLR","emerging_mkt","Belarus",5007.976429,1693867.357528,0.00295653399703537,0.490112049917615,0.33224671441518,67344201366.0656,69673747132,"Belarus, Rep. of",0.0349434471308498,3,0.0118693735314764,0.527930541313463,0.202920884567066,0.00195751768102701,0.96505655286915,0.358024691358025
"53","Belize","339","BLZ","emerging_mkt","Belize",19.832843,1693867.357528,1.17086163281071e-05,0.333388191619152,0.455355433141867,1528798144.79543,2491500000,"Belize",0.927000408541047,6.6,4.651264721601e-05,0.293244318415902,0.486603023775764,4.35827194342233e-05,0.0729995914589532,0.802469135802469
"54","Bolivia","218","BOL","emerging_mkt","Bolivia",577.56075,1693867.357528,0.000340971651312109,0.285575320993661,0.445929303490493,23310877782.1718,40408208524,"Bolivia",0.356985017747058,4.5,0.0013684351905521,0.221646910498488,0.464882185060052,0.000677013219191457,0.643014982252942,0.54320987654321
"55","Bosnia and Herzegovina","963","BIH","emerging_mkt","Bosnia and Herzegovina",964.361835,1693867.357528,0.000569325473281079,0.365011698800217,0.347880334479121,20479211224.8851,23649566069,"Bosnia and Herzegovina",0.290387578523172,3.9,0.00228522824973168,0.340598955646466,0.23894578052233,0.000594667364599585,0.709612421476828,0.469135802469136
"56","Botswana","616","BWA","emerging_mkt","Botswana",156.47072,1693867.357528,9.23748363793671e-05,0.435281034527861,0.418515120979994,15784704406.0418,18737066307,"Botswana",0.00262471797332992,3.8,0.000370370728572307,0.445823808878676,0.401711078905487,0.000458149463192637,0.99737528202667,0.45679012345679
"57","Brazil","223","BRA","emerging_mkt","Brazil",16672.43786,1693867.357528,0.00984282375234591,0.352189900720644,0.374190966705121,1377594727569.05,1649622972159,"Brazil",0.841727481578211,5.1,0.0395163933918492,0.321398947461882,0.299573951386292,0.0400600615811879,0.158272518421789,0.617283950617284
"58","Brunei Darussalam","516","BRN","emerging_mkt","Brunei Darussalam",371.266423,1693867.357528,0.000219182701260516,0.53483389164747,0.391196945251866,20309996193.3193,14006497000,"Brunei Darussalam",0.000237728328412815,1.9,0.000879477908693065,0.594899286407872,0.338761203299686,0.000589746532255036,0.999762271671587,0.222222222222222
"59","Bulgaria","918","BGR","emerging_mkt","Bulgaria",3873.285019,1693867.357528,0.00228665190446352,0.465516582817461,0.342423941289867,88964522904.2941,84061395658,"Bulgaria",0.183427860524076,2.8,0.00917993637801364,0.491100046347318,0.226372493201164,0.00258624419864439,0.816572139475924,0.333333333333333
"60","Cabo Verde","624","CPV","emerging_mkt","Cape Verde",15.299405,1693867.357528,9.03223321000039e-06,0.451801829242007,0.427422860963889,1045870887,2091741774,"Cabo Verde",0.168188213970571,1.6,3.57675261349226e-05,0.470562881492274,0.422237380862673,2.95390257491243e-05,0.831811786029429,0.185185185185185
"61","Chile","228","CHL","emerging_mkt","Chile",2996.751975,1693867.357528,0.00176917747525013,0.534454195081214,0.329532980890703,340987877368.879,316713577509,"Chile",0.481563624055702,2.4,0.00710238426649163,0.594330709587794,0.196667568478422,0.00991517155666707,0.518436375944298,0.283950617283951
"62","Colombia","233","COL","emerging_mkt","Colombia",3503.543594,1693867.357528,0.002068369508645,0.370442347549278,0.413790190276268,266520261504.178,318511813577,"Colombia",0.650081129524879,4.6,0.0083035779982765,0.348731083432482,0.390823316742828,0.00774962722305958,0.349918870475121,0.555555555555556
"63","Costa Rica","238","CRI","emerging_mkt","Costa Rica",261.265704,1693867.357528,0.000154242126952187,0.452252376111086,0.372054555996519,64441534402.8953,64616482168,"Costa Rica",0.997981122203742,2.1,0.00061875502141377,0.471237553135063,0.294650973011462,0.00187310710978133,0.00201887779625765,0.246913580246914
"64","Croatia","960","HRV","emerging_mkt","Croatia",1118.098639,1693867.357528,0.000660086301345185,0.487970102751274,0.380411506707054,80626306750.1026,68843674641,"Croatia, Rep. of",0.638805256512742,3.7,0.00264961408088221,0.524723081418254,0.313908079082799,0.00234376595443807,0.361194743487258,0.444444444444444
"65","Dominica","321","DMA","emerging_mkt","Dominica",4.98136,1693867.357528,2.94082058896849e-06,0.520670384116794,0.450276304629934,392863338.791364,555266666.7,"Dominica",0.203818737270876,3.6,1.13117725004605e-05,0.573690134709824,0.474899075781797,1.05493376893453e-05,0.796181262729124,0.432098765432099
"66","Dominican Republic","243","DOM","emerging_mkt","Dominican Republic",776.145148,1693867.357528,0.000458208929141118,0.363155330917451,0.419902060969506,88691810756.9873,94243426487,"Dominican Rep.",0.145541622434202,5.1,0.0018391184559513,0.337819136597569,0.404907035351532,0.00257831363394927,0.854458377565797,0.617283950617284
"67","Ecuador","248","ECU","emerging_mkt","Ecuador",1249.64834,1693867.357528,0.000737748640379796,0.345680347986533,0.451233327024314,74218991359.2681,106165866000,"Ecuador",0.797390332453072,4,0.00296141220526945,0.311651214343854,0.47710436361938,0.0021574389802609,0.202609667546928,0.481481481481482
"68","Egypt","469","EGY","emerging_mkt","Egypt",6667.727841,1693867.357528,0.00393639313690463,0.352602567800585,0.420009270112721,311775517839.294,424671765456,"Egypt, Arab Rep. of",0.12173439128555,4.4,0.0158033040024447,0.322016895994779,0.405154079747774,0.00906566591698693,0.87826560871445,0.530864197530864
"69","El Salvador","253","SLV","emerging_mkt","El Salvador",239.956241,1693867.357528,0.000141661765859983,0.339460633481699,0.421235065040859,18535030941.8411,29451240000,"El Salvador",0.845981818439765,3.5,0.000568247490460892,0.302337499632589,0.40797870607028,0.000538129921489994,0.154018181560235,0.419753086419753
"70","Equatorial Guinea","642","GNQ","emerging_mkt","Equatorial Guinea",147.286981,1693867.357528,8.6953078318333e-05,0.245496555754978,0.412987966340133,10262411414.1605,12269393392,"Equatorial Guinea, Rep. of",0.119352601416819,2.8,0.000348603498595388,0.161630942704025,0.38897473441104,0.000297559250141953,0.880647398583181,0.333333333333333
"71","Eswatini","734","SWZ","emerging_mkt","Swaziland",41.989587,1693867.357528,2.47891824666123e-05,0.316023339223037,0.475895788090896,2935883593.99361,4748702401,"Eswatini, Kingdom of",1,3.4,9.90283973029544e-05,0.26724131118865,0.533934617283637,8.4501256788083e-05,0,0.407407407407407
"72","Fiji","819","FJI","emerging_mkt","Fiji",49.743048,1693867.357528,2.93665544583102e-05,0.478050372876623,0.454825660507143,2948496815.40184,4296235428,"Fiji, Rep. of",0.596756227786143,2,0.000117405592985897,0.509868776772356,0.485382256994442,8.48680536813629e-05,0.403243772213857,0.234567901234568
"73","Gabon","646","GAB","emerging_mkt","Gabon",274.275945,1693867.357528,0.000161922917860743,0.301743181871817,0.449544839054027,16402459094.2471,20217946921,"Gabon",0.539858901018719,2.2,0.000649591798014471,0.245857482156325,0.473213543502061,0.000476113985744734,0.460141098981281,0.259259259259259
"74","Georgia","915","GEO","emerging_mkt","Georgia",671.612173,1693867.357528,0.000396496319511192,0.56918169824784,0.399823052040079,16038563440.4785,18629365612,"Georgia",0.747254479203823,3.7,0.00159135517489589,0.646333427216897,0.358638531664671,0.00046553177276675,0.252745520796177,0.444444444444444
"75","Grenada","328","GRD","emerging_mkt","Grenada",8.570706,1693867.357528,5.05984483490368e-06,0.478677191183481,0.38201579530736,906458343.995154,1122800000,"Grenada",0.0197047587190366,0.8,1.98192137342254e-05,0.510807406171074,0.317604876732471,2.54848602030367e-05,0.980295241280963,0.0864197530864198
"76","Guatemala","258","GTM","emerging_mkt","Guatemala",462.048158,1693867.357528,0.000272777060108358,0.31114852467828,0.432345015997487,53495958000.8585,86053079767,"Guatemala",0.778595498325585,4.5,0.00109464810282083,0.259941517620166,0.43357961140402,0.0015548059169707,0.221404501674415,0.54320987654321
"77","Guyana","336","GUY","emerging_mkt","Guyana",104.90019,1693867.357528,6.19294005128533e-05,0.321524527403582,0.422465768898407,8140346715.33983,8044498801,"Guyana",0.0780517776177202,3.3,0.000248138641342736,0.275479068282928,0.41081464414723,0.000235848865960607,0.92194822238228,0.395061728395062
"78","Hungary","944","HUN","emerging_mkt","Hungary",5058.6615,1693867.357528,0.00298645668890067,0.500534578388166,0.347832061107216,218224197999.039,182275444032,"Hungary",0.15828800458059,4.1,0.0119895069103598,0.54353776197758,0.238834543125414,0.00634516079232112,0.84171199541941,0.493827160493827
"79","India","534","IND","emerging_mkt","India",57105.388563,1693867.357528,0.0337130226338021,0.389243162219222,0.497982320637056,1575153417140,3150306834280,"India",0.185762133046263,7.5,0.135350272882287,0.376884373111476,0.584829101973282,0.0458051374210347,0.814237866953737,0.91358024691358
"80","Indonesia","536","IDN","emerging_mkt","Indonesia",14933.863878,1693867.357528,0.00881643052605619,0.392072477529295,0.440161245215153,883932543196.998,1186505455721,"Indonesia",0.180685223308154,6.1,0.0353956382508242,0.381121132790036,0.451590720998424,0.0257041924739303,0.819314776691846,0.740740740740741
"81","Islamic Republic of Iran","429","IRN","emerging_mkt","Iran",19546.581041,1693867.357528,0.0115396172871091,0.380676903126441,0.379460480550637,304226305741.633,359096907773,"Iran, Islamic Rep. of",0.0675865835805395,5,0.0463286662153061,0.364056823989898,0.311716608508771,0.00884613218690226,0.93241341641946,0.604938271604938
"82","Iraq","433","IRQ","emerging_mkt","Iraq",4777.052425,1693867.357528,0.00282020454775842,0.300762103892975,0.440756544087372,129474002206.264,207691599310,"Iraq",0.0406668968011447,7,0.0113220391720985,0.244388366428049,0.452962481335842,0.00376427403538789,0.959333103198855,0.851851851851852
"83","Jamaica","343","JAM","emerging_mkt","Jamaica",459.888969,1693867.357528,0.000271502350497594,0.407936091387755,0.429951759523551,9572681352.29726,14657586359,"Jamaica",0.135318833128461,4.8,0.00108953040908774,0.404876109590424,0.428064777660128,0.000277501658531923,0.864681166871539,0.580246913580247
"84","Jordan","439","JOR","emerging_mkt","Jordan",726.420793,1693867.357528,0.000428853410375725,0.409060605913051,0.369473976187504,28687233654.3695,45116317042,"Jordan",0.145404505432029,3.6,0.00172126215899655,0.406560014449585,0.28870448596983,0.000833359529722582,0.854595494567971,0.432098765432099
"85","Kazakhstan","916","KAZ","emerging_mkt","Kazakhstan",14219.758512,1693867.357528,0.00839484771272295,0.517561575966312,0.32212703071625,214416164075.345,197112255361,"Kazakhstan, Rep. of",0.129363168546446,4.5,0.0337030710154668,0.569034848332428,0.179601873943609,0.00623442183297772,0.870636831453554,0.54320987654321
"86","Kosovo","967","UVK","emerging_mkt",NA,491.16402,1693867.357528,0.000289966045934551,0.408639120435922,0.419955665541114,32117073474.5489,39725383601,NA,0.250402982311001,3.45,0.00116365830271112,0.405928860803244,0.405030557549653,0.000933100472164803,0.749597017688999,0.41358024691358
"87","Kuwait","443","KWT","emerging_mkt","Kuwait",3010.456705,1693867.357528,0.00177726826815614,0.463856448767189,0.355570113990368,136797422274,136797422274,"Kuwait",0.000805765078386099,1.7,0.00713486711576267,0.48861407775267,0.256665509265806,0.00397724165421332,0.999194234921614,0.197530864197531
"88","Lebanon","446","LBN","emerging_mkt","Lebanon",756.119153,1693867.357528,0.000446386282632819,0.286414526942658,0.402845529605077,18138968745.1666,23131941557,"Lebanon",0.0566963620228634,1.1,0.00179165299132065,0.222903579882087,0.365603293463976,0.000526612294185759,0.943303637977137,0.123456790123457
"89","Libya","672","LBY","emerging_mkt","Libya",2222.006506,1693867.357528,0.00131179486759976,0.280532279976254,0.420836570922371,40304104205.9576,39798423941,"Libya",0.000231058106442784,2.8,0.0052660883093331,0.214095206111279,0.407060447272983,0.00117118219136049,0.999768941893557,0.333333333333333
"90","Malaysia","548","MYS","emerging_mkt","Malaysia",6301.489421,1693867.357528,0.00372017879262771,0.506829949294301,0.368513645324698,407099256129.074,372981073018,"Malaysia",0.164316348419326,4.5,0.0149352484191443,0.552964768406214,0.286491574355391,0.0118377135905256,0.835683651580674,0.54320987654321
"91","Maldives","556","MDV","emerging_mkt","Maldives",27.453038,1693867.357528,1.62073127379138e-05,0.445659339841081,0.530213894039832,5104602661.32352,5405557162,"Maldives",0.0558043887081513,0.1,6.45739768154215e-05,0.46136480755291,0.65910102834481,0.00014756836633508,0.944195611291849,0
"92","Marshall Islands","867","MHL","emerging_mkt","Marshall Islands",3.574604,1693867.357528,2.11032108512718e-06,0.365102670215741,0.572863220240487,129769350,259538700,"Marshall Islands, Rep. of the",0.0230666716486692,1.6,7.97748987620354e-06,0.340735180839827,0.757378812546853,2.89847241028918e-06,0.976933328351331,0.185185185185185
"93","Mauritius","684","MUS","emerging_mkt","Mauritius",120.600571,1693867.357528,7.11983559184955e-05,0.567298727976744,0.426427883001566,11390673655.1657,11476433604,"Mauritius",0.238907968224234,3.4,0.000285351567793744,0.643513772407797,0.419944631171695,0.000330369511011204,0.761092031775766,0.407407407407407
"94","Mexico","273","MEX","emerging_mkt","Mexico",20587.507291,1693867.357528,0.0121541437111375,0.360404521288543,0.384516080060366,1211346310999.16,1272838810896,"Mexico",0.196963663462275,6.4,0.0487958618828618,0.333699935291989,0.323366338103361,0.035225499439058,0.803036336537725,0.777777777777778
"95","Micronesia","868","FSM","emerging_mkt","Micronesia (Federated States of)",4.446636,1693867.357528,2.62513825550623e-06,0.35901674130701,0.615862811424314,202014450,404028900,"Micronesia, Federated States of",0.0663794180092419,3.4,1.00443736466627e-05,0.331621803438837,0.856463720084627,4.9993852046528e-06,0.933620581990758,0.407407407407407
"96","Mongolia","948","MNG","emerging_mkt","Mongolia",753.727351,1693867.357528,0.000444974246448657,0.459580441142239,0.374617702260975,11281147157.3026,15286441740,"Mongolia",0.0922509111655667,4.2,0.00178598395998241,0.482210967916837,0.300557287551376,0.000327184442118192,0.907749088834433,0.506172839506173
"97","Montenegro","943","MNE","emerging_mkt","Montenegro",105.34568,1693867.357528,6.21924022160387e-05,0.465474291212242,0.367231358173912,5772872002.85117,5861430526,"Montenegro",0.523004534025864,2.3,0.000249194538432409,0.491036716761147,0.283536771756703,0.000167001872686326,0.476995465974136,0.271604938271605
"98","Morocco","686","MAR","emerging_mkt","Morocco",1809.254104,1693867.357528,0.0010681202964088,0.428190939863482,0.379034161663884,82465456079.7119,142866583125,"Morocco",0.181841694746319,4.1,0.00428778563132147,0.435206742946057,0.310734232483498,0.0023972490606601,0.818158305253681,0.493827160493827
"99","Namibia","728","NAM","emerging_mkt","Namibia",78.960966,1693867.357528,4.66157905747911e-05,0.380351963309832,0.46431581817028,7863727060.9021,12446290855,"Namibia",0.913288786242456,6.5,0.000186657685249491,0.363570242692979,0.507250636871609,0.000227804669590463,0.0867112137575443,0.790123456790124
"100","Nauru","836","NRU","emerging_mkt","Nauru",4.917457,1693867.357528,2.90309449446883e-06,0.49342589235893,0.580716329117332,108896979.180551,145536603.2,"Nauru, Rep. of",0.0715153317964354,0.1,1.11603100844211e-05,0.532892856396012,0.775474904754328,2.29149656136267e-06,0.928484668203565,0
"101","North Macedonia","962","MKD","emerging_mkt","North Macedonia",642.474377,1693867.357528,0.000379294384619121,0.46888320937586,0.377885927244572,12271034170.0066,13825049832,"North Macedonia, Republic of ",0.275856677076023,2.8,0.00152229298720169,0.496141403033373,0.308088330554272,0.000355970702916008,0.724143322923977,0.333333333333333
"102","Oman","449","OMN","emerging_mkt","Oman",1404.168109,1693867.357528,0.000828971703574959,0.500333864470159,0.416148080321116,106377095502.815,88191977373,"Oman",0.00552733096773592,3.4,0.00332765381424848,0.543237202816955,0.396256654843165,0.00309260790434924,0.994472669032264,0.407407407407407
"103","Pakistan","564","PAK","emerging_mkt","Pakistan",5273.938344,1693867.357528,0.00311354860258757,0.313151216696585,0.520744448369716,174131272359.5,348262544719,"Pakistan",0.331958875063196,6.4,0.0124997544873057,0.26294044982172,0.63728037557055,0.0050629230818462,0.668041124936804,0.777777777777778
"104","Palau","565","PLW","emerging_mkt","Palau",6.384163,1693867.357528,3.7689863799707e-06,0.426781106465084,0.485327426175501,176503087.316812,217800000,"Palau, Rep. of",0.0274220032840723,3,1.46366857534735e-05,0.433095587192382,0.555668149203687,4.25750584864444e-06,0.972577996715928,0.358024691358025
"105","Panama","283","PAN","emerging_mkt","Panama",324.127872,1693867.357528,0.000191353750669726,0.37558058607094,0.400784532044567,76435012380.5004,67406738052,"Panama",0.759086272651551,2.3,0.000767750465176243,0.356425341371813,0.360854091271665,0.00222188164718344,0.240913727348449,0.271604938271605
"106","Paraguay","288","PRY","emerging_mkt","Paraguay",186.635947,1693867.357528,0.00011018333057222,0.339978989015479,0.371219412544422,32252378921.1243,39950899733,"Paraguay",0.99996383493568,3,0.000441868125592733,0.303113711395505,0.292726533512071,0.000937035201909208,3.61650643199152e-05,0.358024691358025
"107","Peru","293","PER","emerging_mkt","Peru",1995.778882,1693867.357528,0.0011782379966945,0.390264900504474,0.418144834497339,171902543399.706,223717791483,"Peru",0.643654173034635,4,0.00472988527495462,0.378414375636675,0.400857819586358,0.0049981108636224,0.356345826965365,0.481481481481482
"108","Philippines","566","PHL","emerging_mkt","Philippines",3535.601487,1693867.357528,0.00208729536659812,0.336969203815654,0.46324997911364,228244275713.362,394087362017,"Philippines",0.20621039564311,7.6,0.00837956137819468,0.298606706986931,0.50479460039615,0.00663654815936108,0.79378960435689,0.925925925925926
"109","Poland","964","POL","emerging_mkt","Poland",28196.094559,1693867.357528,0.0166459873222593,0.541488169712384,0.313101642678224,824835632998.608,679441900611,"Poland, Rep. of",0.178776143444436,3.3,0.066829678922089,0.604863738547576,0.158804472977232,0.0239856336409692,0.821223856555564,0.395061728395062
"110","Qatar","453","QAT","emerging_mkt","Qatar",2155.058694,1693867.357528,0.00127227122266826,0.542601955597643,0.366310991409478,269515697560.5,179677131707,"Qatar",0.00288961411732928,1.7,0.0051074091025029,0.606531577799149,0.281415950296682,0.00783673555200404,0.997110385882671,0.197530864197531
"111","Romania","968","ROU","emerging_mkt","Romania",8647.110864,1693867.357528,0.00510495159232506,0.43883517052768,0.397120634181058,330840162810.303,285404683025,"Romania",0.439915260779397,3.8,0.0204948229441362,0.451145951675041,0.352411290513824,0.00962007246552229,0.560084739220603,0.45679012345679
"112","Russia","922","RUS","emerging_mkt","Russia",117547.631435,1693867.357528,0.0693960072567588,0.547572122021314,0.325745514740285,2052745522198.84,1836892075548,"Russian Federation",0.199111908153284,6.5,0.278610028077381,0.613974156088169,0.187940026588261,0.0596936829972077,0.800888091846716,0.790123456790124
"113","Samoa","862","WSM","emerging_mkt","Samoa",7.142465,1693867.357528,4.21666133906942e-06,0.439233432063704,0.50698948115982,421925388.9,843850777.8,"Samoa",0.379533130346527,1.9,1.64340075225218e-05,0.451742328618728,0.605584500873717,1.13944722784547e-05,0.620466869653473,0.222222222222222
"114","Saudi Arabia","456","SAU","emerging_mkt","Saudi Arabia",16705.824729,1693867.357528,0.00986253419121329,0.548313546782412,0.405132371131525,1144588012887.37,868585871465,"Saudi Arabia",0.000772702122969775,3.2,0.0395955267008133,0.615084402981232,0.370872912894378,0.0332841447640284,0.99922729787703,0.382716049382716
"115","Serbia","942","SRB","emerging_mkt","Serbia",2804.101751,1693867.357528,0.00165544352604578,0.44459693488857,0.41265178489971,61083740998.5434,63082021206,"Serbia, Rep. of",0.269146029453263,5.2,0.00664576613623847,0.459773908705731,0.388200064093878,0.00177546130232819,0.730853970546737,0.62962962962963
"116","Seychelles","718","SYC","emerging_mkt","Seychelles",14.102871,1693867.357528,8.32584141687545e-06,0.473056860162436,0.456794525100826,1453658866.07392,1286687873,"Seychelles",0.130592353932789,0.1,3.29315101339013e-05,0.502391238568493,0.489919155156693,4.13976429096524e-05,0.869407646067211,0
"117","South Africa","199","ZAF","emerging_mkt","South Africa",21465.099969,1693867.357528,0.0126722437111757,0.355885537465633,0.38956020595508,333206381093.857,419015636065,"South Africa",0.0448756252299067,6,0.0508759255310215,0.326932980622495,0.334989628793497,0.0096888829214034,0.955124374770093,0.728395061728395
"118","Sri Lanka","524","LKA","emerging_mkt","Sri Lanka",521.046907,1693867.357528,0.000307607856473725,0.398622205167377,0.467505824083215,70588760409.6285,88496535599,"Sri Lanka",0.367542234693223,4.6,0.00123448649956028,0.390929025838852,0.514601437942643,0.00205187059363547,0.632457765306777,0.555555555555556
"119","St. Kitts and Nevis","361","KNA","emerging_mkt","Saint Kitts and Nevis",6.594513,1693867.357528,3.89316965740689e-06,0.556189321294421,0.461398920572177,941750691.83726,860844444.4,"St. Kitts and Nevis",0.0371477222886334,3.1,1.51352557613586e-05,0.626877985609197,0.500529165321575,2.65111740308896e-05,0.962852277711367,0.37037037037037
"120","St. Kitts and Nevis","361","KNA","emerging_mkt","St. Kitts-Nevis-Anguilla",0.62288,1693867.357528,3.67726550270748e-07,0.556189321294421,0.461398920572177,941750691.83726,860844444.4,"St. Kitts and Nevis",0.0371477222886334,3.1,9.81335571688591e-07,0.626877985609197,0.500529165321575,2.65111740308896e-05,0.962852277711367,0.37037037037037
"121","St. Lucia","362","LCA","emerging_mkt","Saint Lucia",14.872206,1693867.357528,8.78002987300271e-06,0.454341257914219,0.397054966141016,1330086219.77929,1691259259,"St. Lucia",0.016038794506982,2,3.47549822376156e-05,0.474365550274612,0.352259970198989,3.78041071039888e-05,0.983961205493018,0.234567901234568
"122","St. Vincent and the Grenadines","364","VCT","emerging_mkt","Saint Vincent and the Grenadines",7.156715,1693867.357528,4.22507404029816e-06,0.473974757664791,0.419955665541114,704352780.291709,872226063.7,"St. Vincent and the Grenadines",0.175863296546814,1.8,1.64677827666975e-05,0.503765744659484,0.405030557549653,1.96075596719746e-05,0.824136703453186,0.209876543209877
"123","Suriname","366","SUR","emerging_mkt","Suriname",117.281828,1693867.357528,6.92390862122516e-05,0.333243249899891,0.393598850211591,2507918085.06809,2984706244,"Suriname",0.515927227113615,4.7,0.00027748550778101,0.293027275363218,0.344295965940369,7.20558699971732e-05,0.484072772886385,0.567901234567901
"124","Syria","463","SYR","emerging_mkt","Syria",1888.237034,1693867.357528,0.00111474905376042,0.227445004357556,0.462250879746181,32117073474.5489,39725383601,"Syrian Arab Rep.",0.0307880823663292,5.1,0.00447499038545929,0.134599637701092,0.502492353660303,0.000933100472164803,0.969211917633671,0.617283950617284
"125","Thailand","578","THA","emerging_mkt","Thailand",7783.364408,1693867.357528,0.00459502591711721,0.482939085927613,0.437376290388215,456722124694.939,505568057004,"Thailand",0.22341104531252,6.8,0.0184475775085352,0.517189382666207,0.445173288089717,0.0132807639768224,0.77658895468748,0.827160493827161
"126","Tonga","866","TON","emerging_mkt","Tonga",4.569601,1693867.357528,2.69773248754778e-06,0.426455448392996,0.605356030499541,234614062.1,469228124.2,"Tonga",0.132253509653244,2.8,1.0335824376492e-05,0.432607930343424,0.832252712775275,5.94739333464613e-06,0.867746490346756,0.333333333333333
"127","Trinidad and Tobago","369","TTO","emerging_mkt","Trinidad and Tobago",1608.577849,1693867.357528,0.000949648059425108,0.33777437131194,0.365004428034621,25277167012.6479,24460196270,"Trinidad and Tobago",0.000604728932585183,2,0.00381214426199555,0.299812405471863,0.278405207458768,0.000734193598230679,0.999395271067415,0.234567901234568
"128","Tunisia","744","TUN","emerging_mkt","Tunisia",938.315822,1693867.357528,0.000553948818855192,0.43570915894476,0.380222479091223,32117073474.5489,46687298709,"Tunisia",0.0316235746486027,2.8,0.00222349418314368,0.446464904008818,0.313472498573286,0.000933100472164803,0.968376425351397,0.333333333333333
"129","Turkey","186","TUR","emerging_mkt","Turkey",11340.784273,1693867.357528,0.00669520209041075,0.483143204439118,0.353219179079849,957304423969.643,819034484303,"Turkey",0.418472616977998,3.1,0.026879347654215,0.517495040037131,0.251248198035096,0.0278378724475447,0.581527383022002,0.37037037037037
"130","Turkmenistan","925","TKM","emerging_mkt","Turkmenistan",2501.110198,1693867.357528,0.00147656791831096,0.23414007860401,0.349413288373096,32117073474.5489,39725383601,"Turkmenistan",0.000132893590660943,4,0.00592761780741348,0.144625180104003,0.242478200032898,0.000933100472164803,0.999867106409339,0.481481481481482
"131","Tuvalu","869","TUV","emerging_mkt","Tuvalu",0.286818,1693867.357528,1.69327308142107e-07,0.612927050347907,0.419955665541114,30098183.405,60196366.81,"Tuvalu",0.158096223486808,2.1,1.84803914974107e-07,0.711839927408701,0.405030557549653,0,0.841903776513192,0.246913580246914
"132","Ukraine","926","UKR","emerging_mkt","Ukraine",30784.732638,1693867.357528,0.0181742286379063,0.427721913746203,0.362717586121186,156422048057.183,199765856765,"Ukraine",0.11440145006847,3.9,0.0729652496730221,0.434504399543466,0.273135587136623,0.00454793264076447,0.88559854993153,0.469135802469136
"133","United Arab Emirates","466","ARE","emerging_mkt","United Arab Emirates",5101.479458,1693867.357528,0.00301173491261146,0.585129596207752,0.370544350124639,622532386032,415021590688,"United Arab Emirates",0.0399473555900747,3.6,0.0120909937164339,0.67021461528872,0.291170972270559,0.0181025844114236,0.960052644409925,0.432098765432099
"134","Uruguay","298","URY","emerging_mkt","Uruguay",378.346696,1693867.357528,0.000223362646619599,0.508966689607352,0.372989838742041,63188272936.5381,61412268249,"Uruguay",0.939423450881822,2.1,0.000896259519177681,0.556164431296263,0.296806165696098,0.00183666182768811,0.0605765491181779,0.246913580246914
"135","Vanuatu","846","VUT","emerging_mkt","Vanuatu",4.895697,1693867.357528,2.89024815210129e-06,0.38392649734739,0.556219210105242,485818048.95,971636097.9,"Vanuatu",0.283446421712969,3.5,1.11087346940166e-05,0.368922930541537,0.719025652437536,1.32524931956514e-05,0.716553578287031,0.419753086419753
"136","Venezuela","299","VEN","emerging_mkt","Venezuela",7819.967829,1693867.357528,0.00461663529570127,0.187419084259151,0.383006847615656,32117073474.5489,39725383601,"Venezuela, Rep. Bolivariana de",0.724210511634927,4.3,0.0185343346651627,0.0746628028893475,0.319888580452183,0.000933100472164803,0.275789488365073,0.518518518518519
"137","Timor-Leste","537","TLS","emerging_mkt","Timor-Leste",9.277639,1693867.357528,5.47719333439404e-06,0.374739882818128,0.501180451285569,1810611200,3621222400,"Timor-Leste, Dem. Rep. of",0.0058312836968384,2.5,2.14947810809535e-05,0.355166429849839,0.592198625051929,5.17779417163987e-05,0.994168716303162,0.296296296296296
"138","Togo","742","TGO","emerging_mkt","Togo",68.293317,1693867.357528,4.03179839888207e-05,0.355017584042284,0.496206749922575,4167023743,8334047486,"Togo",0.299995339132914,2.6,0.000161373302810481,0.325633263318516,0.580737615165442,0.000120303243230101,0.700004660867086,0.308641975308642
"139","Uganda","746","UGA","emerging_mkt","Uganda",112.415493,1693867.357528,6.63661723572365e-05,0.283635599755408,0.581277508207511,20255120683,40510241366,"Uganda",0.986816400796783,4.3,0.000265951356702704,0.218742273924183,0.776768042124514,0.000588150733208082,0.0131835992032169,0.518518518518519
"140","Uzbekistan","927","UZB","emerging_mkt","Uzbekistan",6346.993001,1693867.357528,0.00374704251356652,0.408217634958793,0.364192470141227,38936136318.9288,69600614989,"Uzbekistan, Rep. of",0.0947731720764731,4.9,0.0150431006665387,0.405297707156904,0.27653419495431,0.00113140120640598,0.905226827923527,0.592592592592593
"141","Vietnam","582","VNM","emerging_mkt","Viet Nam",4623.865636,1693867.357528,0.00272976842929897,0.425831102772359,0.475313149275423,255356029773.534,366137590718,"Vietnam",0.397096180775603,8.2,0.0109589569824164,0.431673003669969,0.532592029794554,0.00742496745676194,0.602903819224397,1
"142","Yemen","474","YEM","emerging_mkt","Yemen",651.596748,1693867.357528,0.000384679913160927,0.243635289083702,0.543664792694581,32117073474.5489,39725383601,"Yemen, Rep. of",0.135693609342379,3.3,0.00154391476320074,0.158843787961732,0.690096231155181,0.000933100472164803,0.864306390657621,0.395061728395062
"143","Zambia","754","ZMB","emerging_mkt","Zambia",257.661625,1693867.357528,0.000152114404858729,0.323668187427337,0.479919116828146,11073824784.5,22147649569,"Zambia",0.854705901404907,3.8,0.000610212660132817,0.27868909309736,0.543205662541258,0.000321155434952603,0.145294098595093,0.45679012345679
"144","Zimbabwe","698","ZWE","emerging_mkt","Zimbabwe",798.217134,1693867.357528,0.000471239457123079,0.217533679070575,0.505903093502844,14185619333,28371238666,"Zimbabwe",0.628919781033761,6.6,0.00189143331325608,0.11975791850936,0.603081113804722,0.000411647509575998,0.371080218966239,0.802469135802469
"145","Afghanistan","512","AFG","low_income_developing","Afghanistan",217.993073,1693867.357528,0.000128695480216429,0.246442145333371,0.590487942685262,7291567618.5,14583135237,"Afghanistan, Islamic Rep. of",0.893543200609478,6.5,0.000516190552771601,0.163046916308641,0.797991849688385,0.000211166072745023,0.106456799390522,0.790123456790124
"146","Bangladesh","513","BGD","low_income_developing","Bangladesh",1650.250274,1693867.357528,0.000974250000548063,0.281041117917878,0.531043220104335,208132401092.5,416264802185,"Bangladesh",0.013798169029817,7.9,0.00391091593426007,0.214857165750885,0.661012062709501,0.00605168780606921,0.986201830970183,0.962962962962963
"147","Benin","638","BEN","low_income_developing","Benin",119.036123,1693867.357528,7.02747605773094e-05,0.337878182675485,0.551885478364899,8845041760,17690083520,"Benin",0.0040201946041706,2.3,0.00028164352476215,0.299967857852048,0.709039338685164,0.000256341644508234,0.995979805395829,0.271604938271605
"148","Bhutan","514","BTN","low_income_developing","Bhutan",19.719251,1693867.357528,1.16415555871966e-05,0.483057133272884,0.515455177278301,1799807415.7339,2539551327,"Bhutan",0.999999648234878,2.1,4.62434123011743e-05,0.517366152724611,0.625092191390041,5.14637638885294e-05,3.51765122252878e-07,0.246913580246914
"149","Burkina Faso","748","BFA","low_income_developing","Burkina Faso",74.568785,1693867.357528,4.40228006452786e-05,0.288728125748664,0.536663634102943,9868808001.5,19737616003,"Burkina Faso",0.288848738285231,3.8,0.000176247370460792,0.226368079614143,0.673963306803783,0.000286113125137438,0.711151261714769,0.45679012345679
"150","Burundi","618","BDI","low_income_developing","Burundi",13.826948,1693867.357528,8.16294613539209e-06,0.267448274803181,0.557711903941032,1387899348.5,2775798697,"Burundi",0.707203072358204,2.7,3.22775194883787e-05,0.194502555778533,0.722465299806953,3.94853331222451e-05,0.292796927641796,0.320987654320988
"151","Cambodia","522","KHM","low_income_developing","Cambodia",185.279947,1693867.357528,0.000109382795634243,0.288194806059589,0.485834011178814,13480530576,26961061152,"Cambodia",0.493599028997382,6.9,0.000438654144462749,0.225569459769119,0.55683548421389,0.000391143281735726,0.506400971002618,0.839506172839506
"152","Cameroon","622","CMR","low_income_developing","Cameroon",242.587199,1693867.357528,0.000143214991375728,0.26106690867762,0.460589732931379,22669142693,45338285386,"Cameroon",0.792707128917449,3.4,0.000574483367574301,0.184946775763966,0.49866453637135,0.000658351338185919,0.207292871082551,0.407407407407407
"153","Central African Republic","626","CAF","low_income_developing","Central African Republic",10.814322,1693867.357528,6.38439719139651e-06,0.1375591376644,0.58442585826914,1258249206,2516498412,"Central African Rep.",0.963179584495773,2.5,2.51370157157381e-05,0,0.784022854697485,3.57150615997569e-05,0.0368204155042272,0.296296296296296
"154","Chad","628","TCD","low_income_developing","Chad",36.604563,1693867.357528,2.1610052780886e-05,0.190699471593662,0.651675945434539,5889990666,11779981332,"Chad",0.0545291953742658,4.9,8.62648534087704e-05,0.0795750206048613,0.938988715656578,0.000170407724403164,0.945470804625734,0.592592592592593
"155","Comoros","632","COM","low_income_developing","Comoros",5.629648,1693867.357528,3.32354713312134e-06,0.282299505900384,0.521232831016986,648044739.5,1296089479,"Comoros, Union of the",0,1.1,1.28483399037019e-05,0.216741539487981,0.638405766489755,1.79701021374864e-05,1,0.123456790123457
"156","Democratic Republic of the Congo","636","COD","low_income_developing","Democratic Republic of the Congo",195.40511,1693867.357528,0.000115360337473632,0.211885138899873,0.563774627650034,27675484296.5,55350968593,"Congo, Dem. Rep. of the",0.990688251806947,3.5,0.000462652730613204,0.111299509100993,0.736435767934554,0.000803937504275357,0.00931174819305347,0.419753086419753
"157","Republic of Congo","634","COG","low_income_developing","Congo",110.43628,1693867.357528,6.51977142774442e-05,0.224438147933123,0.525181749835454,6683115410.5,13366230821,"Congo, Rep. of",0.399534862775359,4.6,0.000261260240748264,0.130097018988748,0.64750534732831,0.000193472069573237,0.600465137224641,0.555555555555556
"158","Côte d'Ivoire","662","CIV","low_income_developing","Côte d'Ivoire",347.681956,1693867.357528,0.000205259257435246,0.309122416860386,0.487296094963455,35905537977.5,71811075955,"Côte d'Ivoire",0.322187410994019,2.6,0.00082357818015417,0.256907521417372,0.560204596166473,0.00104327034590354,0.677812589005981,0.308641975308642
"159","Djibouti","611","DJI","low_income_developing","Djibouti",19.240471,1693867.357528,1.13589006332109e-05,0.32248454215365,0.470850059166669,1686143731,3372287462,"Djibouti",0.00105522335561027,4,4.51086115007215e-05,0.276916642868351,0.522307632697194,4.81583841532677e-05,0.99894477664439,0.481481481481482
"160","Eritrea","643","ERI","low_income_developing","Eritrea",18.823448,1693867.357528,1.1112704850438e-05,0.220332066245631,0.605014474462015,32117073474.5489,39725383601,"Eritrea, The State of",0.0959813241392404,3.5,4.41201866830449e-05,0.123948364836097,0.831465657655319,0.000933100472164803,0.90401867586076,0.419753086419753
"161","Ethiopia","644","ETH","low_income_developing","Ethiopia",280.639086,1693867.357528,0.000165679493587715,0.296644904496383,0.546800836326446,55630941456.5,111261882913,"Ethiopia, The Federal Dem. Rep. of",1,4.1,0.000664673667558299,0.238223064056139,0.697322685750281,0.00161689198312206,0,0.493827160493827
"162","The Gambia","648","GMB","low_income_developing","Gambia",14.950926,1693867.357528,8.82650340568527e-06,0.322245367857833,0.525813846764627,1019207487,2038414974,"Gambia, The",0.00902305020524155,2.4,3.494156379702e-05,0.276558491195027,0.64896190224099,2.87636447447207e-05,0.990976949794758,0.283950617283951
"163","Ghana","652","GHA","low_income_developing","Ghana",398.073424,1693867.357528,0.000235008616365889,0.347197281079318,0.449990172384786,39578204705,79156409410,"Ghana",0.366596972570684,2.4,0.000943015663387368,0.313922746590438,0.474239734930559,0.00115007277980201,0.633403027429316,0.283950617283951
"164","Guinea","656","GIN","low_income_developing","Guinea",92.929341,1693867.357528,5.48622302608272e-05,0.308539672726354,0.546600937123834,8045908921,16091817842,"Guinea",0.609347701409641,2.3,0.000219765423941635,0.256034890911612,0.696862053603267,0.00023310258184722,0.390652298590359,0.271604938271605
"165","Guinea-Bissau","654","GNB","low_income_developing","Guinea-Bissau",10.497078,1693867.357528,6.1971074378098e-06,0.275340151042531,0.625940717919672,819258803.5,1638517607,"Guinea-Bissau",0.070820680088479,1.9,2.43850863428762e-05,0.206320249946456,0.879686462575315,2.29490670449001e-05,0.929179319911521,0.222222222222222
"166","Haiti","263","HTI","low_income_developing","Haiti",78.54965,1693867.357528,4.63729640050647e-05,0.224116716913147,0.513538230355195,10438707476,20877414952,"Haiti",0.191702410566745,5.3,0.000185682787120833,0.129615691941167,0.620674928262614,0.000302686001325278,0.808297589433255,0.641975308641975
"167","Honduras","268","HND","low_income_developing","Honduras",272.033881,1693867.357528,0.000160599281750728,0.259881918751636,0.453897758610855,14244360648,28488721296,"Honduras",0.534120834488311,4.7,0.000644277674571833,0.183172311984678,0.483244072163689,0.000413355727576128,0.465879165511689,0.567901234567901
"168","Kenya","664","KEN","low_income_developing","Kenya",491.16402,1693867.357528,0.000289966045934551,0.302249306658264,0.51037240737176,54851829656.5,109703659313,"Kenya",0.798774896247972,4.7,0.00116365830271112,0.246615378980303,0.613379852450065,0.00159423513928269,0.201225103752028,0.567901234567901
"169","Kiribati","826","KIR","low_income_developing","Kiribati",2.167332,1693867.357528,1.27951695294664e-06,0.448070135836187,0.419955665541114,113805017.4,227610034.8,"Kiribati",0.135657392865156,1.5,4.64198423257854e-06,0.464974855266198,0.405030557549653,2.43422403063691e-06,0.864342607134844,0.172839506172839
"170","Kyrgyz Republic","917","KGZ","low_income_developing","Kyrgyzstan",848.594992,1693867.357528,0.000500980781186093,0.39610485596509,0.331007343583659,4370340944.5,8740681889,"Kyrgyz Rep.",0.907488864384714,4.3,0.00201083853816835,0.387159419970205,0.200064974990594,0.00012621577861237,0.0925111356152856,0.518518518518519
"171","Lao P.D.R.","544","LAO","low_income_developing","Laos",174.804335,1693867.357528,0.000103198360971491,0.335982734024311,0.460342751031843,10650021987.8445,18827148530,"Lao People's Dem. Rep.",0.703843154091593,6,0.000413824926695021,0.297129517286228,0.498095410526074,0.000308831101291488,0.296156845908407,0.728395061728395
"172","Lesotho","666","LSO","low_income_developing","Lesotho",66.182962,1693867.357528,3.90721042623941e-05,0.306577258074482,0.47105761512798,1186708134.5,2373416269,"Lesotho, Kingdom of",0.997462662675099,3.7,0.000156371355061537,0.253096272073313,0.522785908482363,3.36346222005889e-05,0.00253733732490102,0.444444444444444
"173","Liberia","668","LBR","low_income_developing","Liberia",53.784713,1693867.357528,3.17526120100056e-05,0.283083134199108,0.601339904482911,1754500000,3.509e+09,"Liberia",0.565649044427898,2.8,0.000126985117354421,0.217914984090353,0.822998264905838,5.01462083810293e-05,0.434350955572102,0.333333333333333
"174","Madagascar","674","MDG","low_income_developing","Madagascar",101.225975,1693867.357528,5.97602725798597e-05,0.26335033523937,0.557038514557455,7277377057.5,14554754115,"Madagascar, Rep. of",0.460142067876874,6.6,0.000239430044235431,0.188366094053211,0.720913593779716,0.000210753406264333,0.539857932123126,0.802469135802469
"175","Malawi","676","MWI","low_income_developing","Malawi",52.107813,1693867.357528,3.07626289440073e-05,0.294208206889221,0.541840775578557,6301167062,12602334124,"Malawi",0.782431872401928,4.2,0.000123010541427525,0.234574229960444,0.68589310823441,0.000182364877913876,0.217568127598072,0.506172839506173
"176","Mali","678","MLI","low_income_developing","Mali",68.230791,1693867.357528,4.0281070826924e-05,0.288187213729466,0.595934806195374,9654731753,19309463506,"Mali",0.604422196656639,5.5,0.000161225104149616,0.225558090630439,0.810543177559458,0.000279887712902656,0.395577803343361,0.666666666666667
"177","Mauritania","682","MRT","low_income_developing","Mauritania",80.75976,1693867.357528,4.76777355919175e-05,0.35655185077059,0.557138491019325,4998120209.5,9996240419,"Mauritania, Islamic Rep. of",0.197931992806931,6.5,0.00019092117342997,0.327930751826602,0.721143971748614,0.000144471819366341,0.802068007193069,0.790123456790124
"178","Moldova","921","MDA","low_income_developing","Moldova",1341.734053,1693867.357528,0.000792112822197662,0.441634471519961,0.406484459075266,11191830809.178,13692230147,"Moldova, Rep. of",0.0843410486537553,4,0.00317967307836913,0.455337766397856,0.373988559001704,0.000324587091453293,0.915658951346245,0.481481481481482
"179","Mozambique","688","MOZ","low_income_developing","Mozambique",183.135874,1693867.357528,0.000108117009980796,0.262655352343329,0.492563220475394,7888378710,15776757420,"Mozambique, Rep. of",0.883490939527802,6,0.000433572278560603,0.187325391555065,0.572341749799148,0.000228521548174505,0.116509060472198,0.728395061728395
"180","Myanmar","518","MMR","low_income_developing","Myanmar",642.667154,1693867.357528,0.000379408193412439,0.257304560172515,0.50357136873622,32562384801,65124769602,"Myanmar",0.515385514738681,7,0.00152274990581548,0.179312845043565,0.597708068932812,0.000946050281400533,0.484614485261319,0.851851851851852
"181","Nepal","558","NPL","low_income_developing","Nepal",174.73765,1693867.357528,0.000103158992481565,0.361060277079129,0.490268646083964,18462420715,36924841430,"Nepal",0.999991066726849,3.9,0.000413666870403241,0.334681897140725,0.567054311357201,0.000536018390679295,8.93327315121262e-06,0.469135802469136
"182","Nicaragua","278","NIC","low_income_developing","Nicaragua",181.367362,1693867.357528,0.000107072942396555,0.27209211176786,0.442475221732322,7072926050.5,14145852101,"Nicaragua",0.698545054921942,4.3,0.000429380564551642,0.201456471849927,0.456922868187175,0.000204807899421283,0.301454945078058,0.518518518518519
"183","Niger","692","NER","low_income_developing","Niger",51.518619,1693867.357528,3.04147894290763e-05,0.341493817866521,0.63202119698136,7457501049,14915002098,"Niger",0.0810288179422586,5.4,0.000121614038184236,0.305382092644199,0.893697844754207,0.000215991474981992,0.918971182057741,0.654320987654321
"184","Nigeria","694","NGA","low_income_developing","Nigeria",4008.988276,1693867.357528,0.00236676635757988,0.256263058852615,0.4860115055611,220416791996,440833583992,"Nigeria",0.234677612325951,4.1,0.00950157922998667,0.177753248351882,0.557244488438653,0.00640892219317819,0.765322387674049,0.493827160493827
"185","Papua New Guinea","853","PNG","low_income_developing","Papua New Guinea",183.206427,1693867.357528,0.000108158662002536,0.28299987579688,0.546290280458814,13155828000,26311656000,"Papua New Guinea",0.604277072065564,3.5,0.000433739502757258,0.217790308752752,0.696146200589738,0.000381700817177144,0.395722927934436,0.419753086419753
"186","Rwanda","714","RWA","low_income_developing","Rwanda",32.032762,1693867.357528,1.89110214903415e-05,0.429419128790523,0.527119442168593,5527640985.5,11055281971,"Rwanda",0.629781216945051,3.1,7.54288046299768e-05,0.437045895091883,0.651970414562204,0.000159870468868934,0.370218783054949,0.37037037037037
"187","São Tomé and Príncipe","716","STP","low_income_developing","Sao Tome and Principe",3.510008,1693867.357528,2.07218586768355e-06,0.368467386674205,0.513715212365266,263326895.35,526653790.7,"São Tomé and Príncipe, Dem. Rep. of",0.0619709735069424,0.1,7.82438491671056e-06,0.345773677245744,0.621082751816767,6.78237257527773e-06,0.938029026493058,0
"188","Senegal","722","SEN","low_income_developing","Senegal",260.699516,1693867.357528,0.000153907869374412,0.349707443447232,0.519515023451946,13784568364,27569136728,"Senegal",0.0969666145737352,4.1,0.000617413046820832,0.317681590530226,0.634447384582773,0.000399984807026427,0.903033385426265,0.493827160493827
"189","Sierra Leone","724","SLE","low_income_developing","Sierra Leone",38.606676,1693867.357528,2.27920302191441e-05,0.301200367809876,0.560665086934086,2124617287,4249234574,"Sierra Leone",0.75631524278617,2.1,9.10102467731484e-05,0.245044644957728,0.729270384593874,6.09093486310041e-05,0.24368475721383,0.246913580246914
"190","Solomon Islands","813","SLB","low_income_developing","Solomon Islands",10.758249,1693867.357528,6.35129365483517e-06,0.395643041989466,0.598762642431556,790151758.5,1580303517,"Solomon Islands",0.0762926792338557,2.6,2.50041119075511e-05,0.386467876392876,0.817059423046449,2.21026239886012e-05,0.923707320766144,0.308641975308642
"191","Somalia","726","SOM","low_income_developing","Somalia",33.48868,1693867.357528,1.97705445182395e-05,0.353203178853356,0.678152836310854,3814000005.5,7628000011,"Somalia",0.041698438926757,7.7,7.88796106615437e-05,0.322916281327272,1,0.000110037189382466,0.958301561073243,0.938271604938272
"192","South Sudan","733","SSD","low_income_developing","South Sudan",40.672144,1693867.357528,2.40114102318827e-05,0.408639120435922,0.419955665541114,32117073474.5489,39725383601,"South Sudan, Rep. of",0.00215568779860061,4.1,9.59058036880354e-05,0.405928860803244,0.405030557549653,0.000933100472164803,0.997844312201399,0.493827160493827
"193","Sudan","732","SDN","low_income_developing","Sudan",473.841553,1693867.357528,0.000279739467729938,0.261012994420174,0.604097138231435,17114756887.5,34229513775,"Sudan",0.673151185705604,5.3,0.00112260072006895,0.184866041831189,0.829351819521382,0.000496827854882462,0.326848814294396,0.641975308641975
"194","Tajikistan","923","TJK","low_income_developing","Tajikistan",487.571128,1693867.357528,0.000287844928254331,0.324935883020651,0.372359446887976,4468902673.5,8937805347,"Tajikistan, Rep. of",0.927109475005537,5,0.00115514245677449,0.280587404521088,0.295353539825643,0.000129081988189085,0.0728905249944634,0.604938271604938
"195","Tanzania","738","TZA","low_income_developing","Tanzania",259.240006,1693867.357528,0.000153046225755439,0.304678683988324,0.504477854219646,35327814070.5,70655628141,"Tanzania, United Rep. of",0.428472648702828,4.2,0.000613953727057541,0.250253251323256,0.599796903450462,0.00102646993247999,0.571527351297172,0.506172839506173
